{"cameraMode":{"drawMode":0,"name":"Shaded","section":"Shading Mode"},"sceneLighting":false,"audioPlay":false,"sceneViewState":{"showFog":true,"showMaterialUpdate":false,"showSkybox":true,"showFlares":true,"showImageEffects":true,"showParticleSystems":true},"in2DMode":false,"pivot":{"x":24.61313247680664,"y":7.436861991882324,"z":17.623991012573243},"rotation":{"x":0.03775604069232941,"y":0.8407585620880127,"z":0.05910647287964821,"w":-0.5369745492935181},"size":1.8027734756469727,"orthographic":false}