{"cameraMode":{"drawMode":0,"name":"Shaded","section":"Shading Mode"},"sceneLighting":false,"audioPlay":false,"sceneViewState":{"showFog":true,"showMaterialUpdate":false,"showSkybox":false,"showFlares":true,"showImageEffects":true,"showParticleSystems":true},"in2DMode":false,"pivot":{"x":1.7010198831558228,"y":-0.2455437034368515,"z":0.1967252492904663},"rotation":{"x":0.03732842579483986,"y":0.6610544323921204,"z":-0.03294801339507103,"w":0.7486962676048279},"size":0.34150826930999758,"orthographic":false}